Park,City,State
Acadia ,Bar Harbor,Maine
Arches ,Moab,Utah
Badlands,Interior,South Dakota
Big Bend,Terlingua,Texas
Biscayne,Homestead,Florida
Black Canyon of the Gunnison,Montrose,Colorado
Bryce Canyon,Bryce,Utah
Canyonlands,Moab,Utah
Capitol Reef ,Torrey,Utah
Carlsbad Caverns,Carlsbad,New Mexico
Channel Islands ,Ventura,California
Congaree,Hopkins,South Carolina
Crater Lake,Crater Lake,Oregon
Cuyahoga Valley,Peninsula,Ohio
Death Valley ,Death Valley,California
Denali,Petersville,Alaska
Dry Tortugas,Homestead,Florida
Everglades,Homestead,Florida
Gates of the Arctic ,Bettles,Alaska
Gateway Arch ,St. Louis,Missouri
Glacier ,West Glacier,Montana
Glacier Bay ,Gustavus,Alaska
Grand Canyon,Grand Canyon,Arizona
Grand Teton,Moose,Wyoming
Great Basin,Baker,Nevada
Great Sand Dunes,Mosca,Colorado
Great Smoky Mountains,Gatlinburg,Tennessee
Guadalupe Mountains,Salt Flat,Texas
Haleakala,Makawao,Hawaii
Hawaii Volcanoes,Volcano,Hawaii
Hot Springs,Hot Springs,Arkansas
Isle Royale,Houghton,Michigan
Joshua Tree,Twentynine Palms,California
Katmai,King Salmon,Alaska
Kenai Fjords,Seward,Alaska
Kings Canyon,Three Rivers,California
Kobuk Valley,Kotzebue,Alaska
Lake Clark,Anchorage,Alaska
Lassen Volcanic,Mineral,California
Mammoth Cave,Mammoth Cave,Kentucky
Mesa Verde,Mesa Verde,Colorado
Mount Rainier,Ashford,Washington
North Cascades,Sedro-Woolley,Washington
Olympic,Port Angeles,Washington
Petrified Forest,Petrified Forest,Arizona
Pinnacles,Paicines,California
Redwood,Crescent City,California
Rocky Mountain,Estes Park,Colorado
Saguaro,Tucson,Arizona
Sequoia,Three Rivers,California
Shenandoah,Luray,Virginia
Theodore Roosevelt,Medora,North Dakota
Voyageurs,International Falls,Minnesota
Wind Cave,Hot Springs,South Dakota
Wrangell-St. Elias,Copper Center,Hawaii
Yellowstone,West Yellowstone,Wyoming
Yosemite,Mariposa,California
Zion,Springdale,Utah